component,quantity,category,low_cost_inr,high_cost_inr,supplier_note
STM32L476RGT6 Microcontroller,1,Electronics,800,1200,"STMicroelectronics; low-power ARM Cortex-M4"
TPL5010 Nano-power Watchdog (35 nA),1,Electronics,120,200,"Texas Instruments; hardware supervisor"
Winbond 64 MiB NOR Flash (W25Q512JV),2,Electronics,800,1400,"Winbond; dual ring buffer storage"
RBRlegato4-class CTD Sensor,1,Sensors,95000,150000,"RBR Ltd / OEM inductive conductivity & thermistor"
200 kHz Upward-looking Sonar Transducer,1,Sensors,8500,16000,"Piezoelectric acoustic dual-range echo sounder"
BMP390 Precision Barometer,1,Sensors,350,650,"Bosch Sensortec; sealed surface pod atmospheric pressure"
TMP117 Precision Air Temperature Sensor,1,Sensors,450,850,"Texas Instruments; surface pod air temperature"
ISM330DHCX 6-axis Industrial IMU,1,Sensors,950,1600,"STMicroelectronics; float pitch/roll attitude"
u-blox NEO-M9N GNSS Receiver,1,Sensors,3200,5500,"u-blox; concurrent GPS/Galileo/BeiDou/GLONASS"
Conductive Hull Leak Detection Probe,1,Sensors,400,900,"Custom gold-plated electrode pair"
Saft LS 33600 Li-SOCl2 D Cells (3S8P Pack),24,Power,7200,12000,"Saft Primary Lithium (10.8V 104Ah 919Wh usable)"
6061-T6 Aluminium Hull Tube (1300x160mm OD),1,Structure,14000,28000,"Seamless drawn tube; hard anodized MIL-A-8625"
Precision Machined End-Caps & Dual O-ring Seals,2,Structure,12000,22000,"6061-T6 machined end closures with Viton O-rings"
650 ml Hydraulic Engine Bladder & Latching Valve,1,Buoyancy,18000,35000,"Bistable latching valve and positive displacement pump"
Iridium 9603N SBD Transceiver,1,Communication,28000,36000,"Iridium Communications; short burst data modem"
Iridium / GNSS Dual-Band Helical Antenna,1,Communication,4500,8500,"Low-profile passive marine antenna"
Internal Mounting Chassis & Shock Isolation,1,Mechanical,3500,7500,"Carbon-fibre reinforced 3D printed / machined acetal"
4-Layer Immersion Gold Flight PCB,1,Electronics,2500,5000,"Custom layout; conformal coated"
SubConn Wet-mateable Bulkhead Connectors,2,Mechanical,6000,11000,"Subsea electrical penetrations"
Wiring Harness & System Passives,1,Electronics,1800,3500,"Mil-spec Tefzel wiring and transient suppressors"
Total Projected Direct BOM Cost,,Funding Allowance,209820,346800,"Unit target allowance: Rs 8.25 Lakh; Imported float: Rs 22 Lakh"
